﻿<?xml version="1.0" encoding="utf-8" ?>
<tables>
  <table name="gsa_sheath_with_loc" name_external="Gsa Trayectoria Cable" geometry="linea" dataset="design_admin">
    <field internal_name="id" external_name="id" type="text" visible="true" datalist="" size="" mandatory="true" enabled="false"></field>
    <field internal_name="status" external_name="Estatus" type="multiple" visible="true" datalist="NUEVO,REUBICACION,EN CURSO,CERRADO" size="20" mandatory="true" enabled="false"></field>
    <field internal_name="date_in_progress" external_name="Fecha En Curso" type="date" visible="false" datalist="" size="" mandatory="false" enabled="true"></field>
    <field internal_name="date_closed"  external_name="Fecha de Cierre" type="date" visible="false" datalist="" size="" mandatory="false" enabled="true"></field>
    <field internal_name="name" external_name="Nombre" type="text" visible="true" datalist="" size="20" mandatory="true" enabled="true"></field>
    <field internal_name="capacity" external_name="Capacidad" type="number" visible="true" datalist="" size="50" mandatory="false" enabled="true"></field>
    <field internal_name="id_project" external_name="Id Proyecto" type="number" visible="false" datalist="" size="" mandatory="false" enabled="true"></field>
    <field internal_name="user_gsa" external_name="User Gsa" type="text" visible="true" datalist="" size="20" mandatory="true" enabled="false"></field>
    <field internal_name="user_pni" external_name="Usuario PNI" type="text" visible="false" datalist="" size="20" mandatory="false" enabled="true"></field>
    <field internal_name="date_in" external_name="Fecha de Alta" type="date" visible="true" datalist="" size="" mandatory="true" enabled="true"></field>
    <field internal_name="owner_find" external_name="Originador" type="text" visible="true" datalist="" size="200" mandatory="true" enabled="true"></field>
    <field internal_name="route" external_name="Trayectoria" type="" visible="false" datalist="" size="" mandatory="false" enabled="true"></field>
  </table>
  <table name="gsa_splitter" name_external="Gsa Splitter" geometry="punto" dataset="design_admin">
    <field internal_name="id" external_name="id" type="text" visible="true" datalist="" size="" mandatory="true" enabled="false"></field>
    <field internal_name="status" external_name="Estatus" type="multiple" visible="true" datalist="NUEVO,REUBICACION,EN CURSO,CERRADO" size="" mandatory="true" enabled="false"></field>
    <field internal_name="date_in_progress" external_name="Fecha En Curso" type="date" visible="false" datalist="" size="" mandatory="false" enabled="true"></field>
    <field internal_name="date_closed"  external_name="Fecha de Cierre" type="date" visible="false" datalist="" size="" mandatory="false" enabled="true"></field>
    <field internal_name="name_sheath_splice" external_name="Nombre Caja de Empalme" type="text" visible="true" datalist="" size="20" mandatory="false" enabled="true"></field>
    <field internal_name="name" external_name="Nombre" type="text" visible="true" datalist="" size="20" mandatory="true" enabled="true"></field>
    <field internal_name="level" external_name="Nivel" type="text" visible="true" datalist="" size="20" mandatory="false" enabled="true"></field>
    <field internal_name="capacity" external_name="Capacidad" type="text" visible="true" datalist="" size="50" mandatory="false" enabled="true"></field>
    <field internal_name="id_project" external_name="Id Proyecto" type="number" visible="false" datalist="" size="" mandatory="false" enabled="true"></field>
    <field internal_name="user_gsa" external_name="User Gsa" type="text" visible="true" datalist="" size="20" mandatory="true" enabled="false"></field>
    <field internal_name="user_pni" external_name="Usuario PNI" type="text" visible="false" datalist="" size="20" mandatory="false" enabled="true"></field>
    <field internal_name="date_in" external_name="Fecha de Alta" type="date" visible="true" datalist="" size="" mandatory="true" enabled="true"></field>
    <field internal_name="owner_find" external_name="Originador" type="text" visible="true" datalist="" size="200" mandatory="true" enabled="true"></field>
    <field internal_name="location" external_name="Ubicacion" type="" visible="false" datalist="" size="" mandatory="false" enabled="true"></field>
  </table>
  <table name="gsa_sheath_splice" name_external="Gsa Caja De Empalme" geometry="punto" dataset="design_admin">
    <field internal_name="id" external_name="id" type="text" visible="true" datalist="" size="" mandatory="true" enabled="false"></field>
    <field internal_name="status" external_name="Estatus" type="multiple" visible="true" datalist="NUEVO,REUBICACION,EN CURSO,CERRADO" size="" mandatory="true" enabled="false"></field>
    <field internal_name="date_in_progress" external_name="Fecha En Curso" type="date" visible="false" datalist="" size="" mandatory="false" enabled="true"></field>
    <field internal_name="date_closed"  external_name="Fecha de Cierre" type="date" visible="false" datalist="" size="" mandatory="false" enabled="true"></field>
    <field internal_name="name" external_name="Nombre" type="text" visible="true" datalist="" size="20" mandatory="true" enabled="true"></field>
    <field internal_name="model" external_name="Modelo" type="text" visible="true" datalist="" size="50" mandatory="false" enabled="true"></field>
    <field internal_name="notes" external_name="Observaciones" type="text" visible="true" datalist="" size="200" mandatory="false" enabled="true"></field>
    <field internal_name="id_project" external_name="Id Proyecto" type="number" visible="false" datalist="" size="" mandatory="false" enabled="true"></field>
    <field internal_name="user_gsa" external_name="User Gsa" type="text" visible="true" datalist="" size="20" mandatory="true" enabled="false"></field>
    <field internal_name="user_pni" external_name="Usuario PNI" type="text" visible="false" datalist="" size="20" mandatory="false" enabled="true"></field>
    <field internal_name="date_in" external_name="Fecha de Alta" type="date" visible="true" datalist="" size="" mandatory="true" enabled="true"></field>
    <field internal_name="owner_find" external_name="Originador" type="text" visible="true" datalist="" size="200" mandatory="true" enabled="true"></field>
    <field internal_name="location" external_name="Ubicacion" type="" visible="false" datalist="" size="" mandatory="false" enabled="true"></field>
  </table>  
  <table name="zona_restriccion" name_external="RT's" geometry="area" dataset="gis">
    <field internal_name="id" external_name="id" type="text" visible="true" datalist="" size="" mandatory="true" enabled="false"></field>
	<field internal_name="codigo" external_name="Codigo" type="text" visible="true" datalist="" size="100" mandatory="false" enabled="true"></field>
    <field internal_name="visible?" external_name="Visible?" type="multiple" visible="true" datalist="false,true" size="" mandatory="true" enabled="false"></field>    
  </table>  
  <group name="GSA_User"> </group>  
</tables>
